1,first name,last name,username
2,Michael,Kim,motortroubled
3,Christopher,Arlene,examineskateboard
4,Jessica,Antonia,disruptiveauthorized
5,Matthew,Jamaal,earlobevideo
6,Ashley,Shantel,guiltythird
7,Jennifer,Deidre,flameunique
8,Joshua,Salvatore,researchfade
9,Amanda,Kimberley,thanstaff
10,Daniel,Gerard,gaffcareless
11,David,Gene,analystlabel
12,James,Weston,figurehire
13,Robert,Diego,bollardfaith
14,John,Tasia,aroundfifth
15,Joseph,Mariah,plateauweekly
16,Andrew,Jimmie,reflectionsponge
17,Ryan,Zackary,lastagescorch
18,Brandon,Hugo,rosyvillager
19,Jason,Leanna,primarypoultry
20,Justin,Lacie,homelessmaintain
21,Sarah,Donnie,wakefulvenomous
22,William,Aisha,achepastry
23,Jonathan,Marianne,bellhopdiversity
24,Stephanie,Lana,shitsniveling
25,Brian,Kyla,amazedminor
26,Nicole,Ginger,preventpill
27,Nicholas,Tiana,licesamosa
28,Anthony,Lashonda,manroperoband
29,Heather,Dayna,canoenor
30,Eric,Marcia,heysmiling
31,Elizabeth,Luz,whirlsoccer
32,Adam,Janna,pushplains
33,Megan,Riley,breezybongo
34,Melissa,Desirae,tentmetro
35,Kevin,Billie,influencescratch
36,Steven,Zane,classmakeshift
37,Thomas,Johnnie,drawingcaviar
38,Timothy,Greg,shamefulefficient
39,Christina,Angelique,dossierwrite
40,Kyle,Kali,sphericalcampfire
41,Rachel,Silvia,givingspace
42,Laura,Asia,athleticsinger
43,Lauren,Quincy,berserkvisitor
44,Amber,Catrina,belowmath
45,Brittany,Rusty,nonchalantjaialai
46,Danielle,Frankie,distantwool
47,Richard,Athena,soulfulviewer
48,Kimberly,Randolph,sardinesstadium
49,Jeffrey,Sheldon,steakbarbarous
50,Amy,Maricela,vowelwicked
51,Crystal,Tomas,blousebizarre
52,Michelle,Toby,acrobatpassive
53,Tiffany,Nadine,sweeperpossessive
54,Jeremy,Keshia,exceptabcd
55,Benjamin,Tosha,wonderlandmere
56,Mark,Maranda,profilelacrosse
57,Emily,Lester,joghistoric
58,Aaron,Brendon,woundlive
59,Charles,Korey,sizzlingwhether
60,Rebecca,Lynette,mechanismanalysis
61,Jacob,Joan,thrushatm
62,Stephen,Justina,bobcatdoading
63,Patrick,Moses,mazipanuntried
64,Sean,Dominque,respondparagraph
65,Erin,Abbey,desperategenerally
66,Zachary,Kristyn,smuthfinding
67,Jamie,Dewayne,anykill
68,Kelly,Alonzo,profitcorporate
69,Samantha,Laci,decorationscompeting
70,Nathan,Cori,metrosmithing
71,Sara,Debbie,barragefoxglove
72,Dustin,Zackery,reformtrousers
73,Paul,Parker,virusprofuse
74,Angela,Forrest,ethnickayaker
75,Tyler,Blaine,elderslalom
76,Scott,Trina,masonssuey
77,Katherine,Herman,handballass
78,Andrea,Selena,drowsyterracotta
79,Gregory,Myra,brindledluminous
80,Erica,Joni,notchampion
81,Mary,Bailey,gritspretend
82,Travis,Julianna,deafavocados
83,Lisa,Edith,contentromantic
84,Kenneth,Octavia,assumetogetherness
85,Bryan,Bryon,wicketearrings
86,Lindsey,Arielle,breathlessnearby
87,Kristen,Giovanni,cruelmob
88,Jose,Jarod,recentovercooked
89,Alexander,Floyd,sweepingdray
90,Jesse,Sonja,patmonth
91,Katie,Kody,mourngild
92,Lindsay,Jamel,burritosattention
93,Shannon,Jeannie,raftnye
94,Vanessa,Elissa,heartpulsedecorous
95,Courtney,Leonardo,licensesatellite
96,Christine,Sadie,dependablepetticoat
97,Alicia,Madison,internetskating
98,Cody,Kandice,centurylabour
99,Allison,Janie,brilliantturban
100,Bradley,Reid,unbalancedgarrulous
101,Samuel,Alanna,vulturerafting
102,Shawn,Linsey,illiteratebooger
103,April,Moises,sentencewomanly
104,Derek,Darcy,acousticpretzel
105,Kathryn,Britni,admiredapper
106,Kristin,Beatrice,cryingvictim
107,Chad,Everett,moyaidecorations
108,Jenna,Corina,voluminoussledder
109,Tara,Brooks,horselychnis
110,Maria,Tori,implementleash
111,Krystal,Ramiro,rarelypeer
112,Jared,Lamont,bagelaware
113,Anna,Kenya,previousknow
114,Edward,Cheri,motionlessrevolving
115,Julie,Alec,undergofrozen
116,Peter,Roberta,fisheradvice
117,Holly,Jeanne,deckbonus
118,Marcus,Jackson,remindzeal
119,Kristina,Maritza,fizzledisruptive
120,Natalie,Loretta,channelmainly
121,Jordan,Shameka,keelsonhippie
122,Victoria,Sebastian,acridnumeral
123,Jacqueline,Ryne,assistbowsprit
124,Corey,Scotty,geocachingjocular
125,Keith,Emilie,governesstendency
126,Monica,Ladonna,carvedsquelch
127,Juan,Stewart,countguineafowl
128,Donald,Dina,unluckyleveret
129,Cassandra,Clark,gaseoussassy
130,Meghan,Chadwick,machotwisting
131,Joel,Araceli,helplessfunction
132,Shane,Ali,observejuly
133,Phillip,Kareem,diamondvolcanic
134,Patricia,Janette,reflectdiffidence
135,Brett,Savanna,determinedwildfowl
136,Ronald,Reuben,joblessincredible
137,Catherine,Nakia,underdule
138,George,Martina,touchystand
139,Antonio,Wilson,packedliberal
140,Cynthia,Kristian,olympicswaist
141,Stacy,Daphne,recommendagonizing
142,Kathleen,Clyde,barmpotrest
143,Raymond,Braden,robandcheap
144,Carlos,Sterling,articulatemorbid
145,Brandi,Cari,unarmedscience
146,Douglas,Marsha,jibcertain
147,Nathaniel,Deidra,readingsmock
148,Ian,Bridgett,producepowered
149,Craig,Rhiannon,carolabsence
150,Brandy,Kristofer,zombienortherly
151,Alex,Keenan,axedout
152,Valerie,Joelle,skishortcake
153,Veronica,Colt,pesterboundless
154,Cory,Celina,sauerkrautpatsy
155,Whitney,Deana,conceptfend
156,Gary,Penny,gaudypeplum
157,Derrick,Georgia,kringlechough
158,Philip,Eleanor,biscaydining
159,Luis,Shanika,decembertreat
160,Diana,Daniella,soldieragreeable
161,Chelsea,Bernadette,hurtdestroy
162,Leslie,Valarie,skysailpunishment
163,Caitlin,Tarah,quizmanagement
164,Leah,Princess,achievepiercer
165,Natasha,Noemi,comparisondonut
166,Erika,Maura,sweatfirework
167,Casey,Maryann,superinsecure
168,Latoya,Jonah,notedpen
169,Erik,Santiago,chamoisaccurate
170,Dana,Jamison,southwestadult
171,Victor,Cecil,garrulouschance
172,Brent,Ted,receiveprobable
173,Dominique,Selina,gurglegroggy
174,Frank,Dan,finalquiet
175,Brittney,Reynaldo,imploretaco
176,Evan,Myron,factorexpand
177,Gabriel,Sofia,supporterfool
178,Julia,Doris,childishsubmit
179,Candice,Deangelo,hardsweets
180,Karen,Ashli,addictedlug
181,Melanie,Randal,spacesuitkellogs
182,Adrian,Noe,gapexplode
183,Stacey,Jess,negligiblespin
184,Margaret,Holli,innocentmagic
185,Sheena,Chester,turtleneckstylish
186,Wesley,Rex,anyonestretch
187,Vincent,Meghann,lovinggrowing
188,Alexandra,Janell,arenaferret
189,Katrina,Garret,bodyparsnips
190,Bethany,Marjorie,watchhard
191,Nichole,Avery,geckofully
192,Larry,Jazmin,pumpkinsbellhop
193,Jeffery,Christal,foresailknowing
194,Curtis,Freddy,hittercommunity
195,Carrie,Carson,rareconnect
196,Todd,Raphael,returncrave
197,Blake,Quintin,peckchild
198,Christian,Lakesha,fennelforeign
199,Randy,Gladys,fussyexuberant
200,Dennis,Lizette,illfatedspan